airline,date_of_journey,source,destination,dep_time,arrival_time,duration,total_stops,additional_info,price
Jet Airways,2019-06-03,Delhi,Cochin,22:50:00,04:25:00,335,1.0,No Info,14714
Jet Airways,2019-03-15,Banglore,New Delhi,08:00:00,15:15:00,435,1.0,In-flight meal not included,9134
Jet Airways,2019-06-03,Banglore,Delhi,08:20:00,11:20:00,180,0.0,In-flight meal not included,5769
Indigo,2019-05-03,Banglore,Delhi,20:00:00,22:50:00,170,0.0,No Info,4823
Jet Airways,2019-05-21,Delhi,Cochin,07:05:00,19:00:00,715,1.0,No Info,16289
Air Asia,2019-04-24,Delhi,Cochin,07:55:00,22:25:00,870,1.0,No Info,6152
Multiple Carriers,2019-06-15,Delhi,Cochin,04:55:00,19:00:00,845,1.0,No Info,10678
Air India,2019-06-12,Delhi,Cochin,16:55:00,19:15:00,1580,2.0,No Info,13381
Air India,2019-05-15,Kolkata,Banglore,20:30:00,20:25:00,1435,1.0,No Info,10203
Multiple Carriers,2019-06-12,Delhi,Cochin,11:35:00,01:30:00,835,3.0,No Info,15419
Air India,2019-03-12,Banglore,New Delhi,08:50:00,23:25:00,875,2.0,No Info,13250
Jet Airways,2019-03-06,Banglore,New Delhi,11:40:00,18:25:00,405,1.0,No Info,19225
Jet Airways,2019-04-01,Kolkata,Banglore,09:35:00,18:00:00,505,1.0,No Info,11467
Multiple Carriers,2019-05-15,Delhi,Cochin,06:40:00,19:00:00,740,1.0,No Info,9315
Air Asia,2019-05-15,Kolkata,Banglore,07:35:00,19:25:00,710,1.0,No Info,5192
Jet Airways,2019-05-06,Kolkata,Banglore,17:00:00,22:05:00,1745,1.0,No Info,11467
Indigo,2019-04-01,Banglore,Delhi,07:10:00,10:05:00,175,0.0,No Info,4823
Jet Airways,2019-05-27,Banglore,Delhi,18:55:00,22:00:00,185,0.0,No Info,7229
Jet Airways,2019-06-09,Delhi,Cochin,14:35:00,12:35:00,1320,2.0,No Info,13376
Jet Airways,2019-05-18,Kolkata,Banglore,20:25:00,22:05:00,1540,1.0,No Info,14151
Indigo,2019-04-21,Banglore,Delhi,21:15:00,00:15:00,180,0.0,No Info,4423
Jet Airways,2019-06-03,Delhi,Cochin,19:15:00,19:00:00,1425,1.0,In-flight meal not included,10262
Vistara,2019-04-01,Kolkata,Banglore,07:10:00,10:45:00,1655,1.0,No Info,8505
Air India,2019-03-21,Delhi,Cochin,08:00:00,19:15:00,675,1.0,No Info,7199
Vistara,2019-04-09,Banglore,Delhi,21:00:00,23:50:00,170,0.0,No Info,5403
Jet Airways,2019-05-09,Kolkata,Banglore,14:05:00,22:35:00,510,1.0,In-flight meal not included,10844
Indigo,2019-06-21,Chennai,Kolkata,13:15:00,15:35:00,140,0.0,No Info,3597
Spicejet,2019-05-21,Kolkata,Banglore,17:10:00,19:40:00,150,0.0,No check-in baggage included,3841
Air India,2019-03-21,Banglore,New Delhi,08:15:00,08:50:00,1475,1.0,No Info,4943
Multiple Carriers,2019-05-15,Delhi,Cochin,07:30:00,21:00:00,810,1.0,No Info,8405
Air India,2019-06-01,Delhi,Cochin,07:00:00,19:15:00,735,1.0,No Info,9929
Indigo,2019-05-18,Delhi,Cochin,14:25:00,17:40:00,195,0.0,No Info,6015
Indigo,2019-06-03,Banglore,Delhi,18:55:00,21:50:00,175,0.0,No Info,4823
Jet Airways,2019-06-15,Mumbai,Hyderabad,10:20:00,11:50:00,90,0.0,In-flight meal not included,4050
Indigo,2019-05-12,Kolkata,Banglore,17:15:00,19:50:00,155,0.0,No Info,4804
Indigo,2019-03-12,Kolkata,Banglore,20:25:00,23:05:00,160,0.0,No Info,4148
Jet Airways,2019-06-09,Delhi,Cochin,19:45:00,19:00:00,1395,1.0,No Info,14924
Multiple Carriers,2019-06-09,Delhi,Cochin,04:55:00,12:35:00,460,1.0,No Info,10877
Air India,2019-06-03,Banglore,Delhi,13:20:00,16:10:00,170,0.0,No Info,6961
Spicejet,2019-05-09,Banglore,Delhi,09:30:00,12:20:00,170,0.0,No Info,4991
Jet Airways,2019-05-21,Delhi,Cochin,10:00:00,19:00:00,540,1.0,No Info,16079
Indigo,2019-03-09,Delhi,Cochin,06:40:00,12:00:00,320,1.0,No Info,5647
Jet Airways,2019-05-27,Delhi,Cochin,13:25:00,19:00:00,1775,2.0,No Info,15129
Jet Airways,2019-05-15,Kolkata,Banglore,06:30:00,16:20:00,590,1.0,No Info,14781
Indigo,2019-03-09,Banglore,New Delhi,16:50:00,21:35:00,285,1.0,No Info,10231
Jet Airways,2019-06-06,Delhi,Cochin,22:50:00,04:25:00,335,1.0,No Info,14714
Indigo,2019-03-03,Kolkata,Banglore,05:30:00,08:20:00,170,0.0,No Info,4778
Jet Airways,2019-05-12,Kolkata,Banglore,18:55:00,09:20:00,865,1.0,No Info,14388
Air India,2019-03-15,Banglore,New Delhi,22:00:00,13:20:00,920,1.0,No Info,8845
Indigo,2019-06-01,Delhi,Cochin,14:25:00,17:40:00,195,0.0,No Info,6015
Multiple Carriers,2019-03-21,Delhi,Cochin,08:00:00,18:50:00,650,1.0,No Info,11667
Indigo,2019-06-06,Kolkata,Banglore,20:25:00,23:10:00,165,0.0,No Info,4804
Spicejet,2019-06-06,Kolkata,Banglore,17:10:00,19:40:00,150,0.0,No Info,3873
Jet Airways,2019-05-09,Banglore,Delhi,08:20:00,11:20:00,180,0.0,No Info,7229
Jet Airways,2019-06-12,Banglore,Delhi,17:45:00,20:45:00,180,0.0,In-flight meal not included,5769
Spicejet,2019-05-01,Kolkata,Banglore,17:10:00,19:40:00,150,0.0,No check-in baggage included,3841
Jet Airways,2019-06-09,Kolkata,Banglore,21:10:00,22:35:00,1525,1.0,In-flight meal not included,10844
Indigo,2019-04-09,Banglore,Delhi,20:00:00,22:50:00,170,0.0,No Info,4823
Jet Airways,2019-05-21,Delhi,Cochin,20:55:00,04:25:00,450,1.0,In-flight meal not included,12898
Multiple Carriers,2019-06-12,Delhi,Cochin,09:00:00,19:00:00,600,1.0,No Info,12192
Indigo,2019-03-21,Delhi,Cochin,04:55:00,21:20:00,985,2.0,No Info,6223
Air India,2019-06-01,Kolkata,Banglore,20:45:00,23:20:00,155,0.0,No Info,4145
Jet Airways,2019-03-12,Banglore,New Delhi,09:45:00,00:30:00,885,1.0,No Info,11507
Multiple Carriers,2019-03-03,Delhi,Cochin,07:30:00,18:50:00,680,1.0,No Info,15135
Air India,2019-06-24,Mumbai,Hyderabad,21:05:00,22:25:00,80,0.0,No Info,3100
Jet Airways,2019-05-18,Kolkata,Banglore,18:55:00,16:20:00,1285,1.0,In-flight meal not included,10844
Multiple Carriers,2019-06-06,Delhi,Cochin,10:20:00,21:00:00,640,1.0,No Info,7005
Spicejet,2019-05-03,Mumbai,Hyderabad,05:45:00,07:15:00,90,0.0,No check-in baggage included,1965
Indigo,2019-03-09,Kolkata,Banglore,22:10:00,00:55:00,165,0.0,No Info,4148
Air India,2019-06-06,Delhi,Cochin,13:20:00,07:40:00,1100,2.0,No Info,12751
Vistara,2019-03-09,Delhi,Cochin,14:55:00,17:50:00,175,0.0,No Info,6741
Jet Airways,2019-06-06,Delhi,Cochin,18:25:00,04:25:00,600,2.0,In-flight meal not included,12142
Jet Airways,2019-05-12,Kolkata,Banglore,06:30:00,08:15:00,1545,1.0,In-flight meal not included,8586
Air India,2019-05-01,Kolkata,Banglore,10:00:00,16:15:00,375,1.0,No Info,10203
Multiple Carriers,2019-03-21,Delhi,Cochin,04:45:00,19:15:00,870,1.0,No Info,6630
Multiple Carriers,2019-03-27,Delhi,Cochin,07:30:00,19:15:00,705,1.0,No Info,9100
Jet Airways,2019-06-06,Kolkata,Banglore,20:00:00,18:15:00,1335,1.0,In-flight meal not included,10844
Jet Airways,2019-06-27,Delhi,Cochin,09:35:00,12:35:00,1620,2.0,No Info,13292
Jet Airways,2019-05-21,Delhi,Cochin,09:40:00,04:25:00,1125,2.0,In-flight meal not included,13029
Air Asia,2019-06-09,Kolkata,Banglore,19:55:00,22:25:00,150,0.0,No Info,4409
Air India,2019-05-27,Delhi,Cochin,18:05:00,21:10:00,185,0.0,No Info,6094
Jet Airways,2019-05-18,Delhi,Cochin,07:05:00,12:35:00,330,1.0,In-flight meal not included,12373
Air India,2019-05-12,Banglore,Delhi,06:10:00,08:55:00,165,0.0,No Info,5228
Indigo,2019-06-21,Delhi,Cochin,14:25:00,17:40:00,195,0.0,No Info,5000
Jet Airways,2019-06-27,Delhi,Cochin,18:15:00,19:00:00,1485,1.0,In-flight meal not included,10262
Air India,2019-05-27,Delhi,Cochin,03:50:00,19:15:00,925,1.0,No Info,9719
Indigo,2019-05-21,Banglore,Delhi,22:10:00,01:00:00,170,0.0,No Info,3625
Jet Airways,2019-06-09,Kolkata,Banglore,16:30:00,23:35:00,425,1.0,No Info,14571
Air India,2019-05-27,Delhi,Cochin,12:00:00,19:15:00,435,2.0,No Info,9653
Spicejet,2019-03-24,Banglore,New Delhi,05:45:00,08:35:00,170,0.0,No Info,4377
Air India,2019-05-15,Kolkata,Banglore,09:10:00,11:05:00,1555,2.0,No Info,6117
Air India,2019-03-27,Delhi,Cochin,12:00:00,19:15:00,435,2.0,No Info,10493
Jet Airways,2019-05-24,Kolkata,Banglore,18:55:00,20:45:00,1550,1.0,In-flight meal not included,10844
Indigo,2019-04-03,Banglore,Delhi,23:30:00,02:20:00,170,0.0,No Info,4591
Multiple Carriers,2019-05-15,Delhi,Cochin,07:00:00,21:00:00,840,1.0,No Info,8073
Jet Airways,2019-03-06,Delhi,Cochin,19:10:00,19:45:00,1475,2.0,No Info,21954
Jet Airways,2019-03-24,Banglore,New Delhi,19:55:00,22:35:00,160,0.0,No Info,8016
Jet Airways,2019-06-09,Delhi,Cochin,09:40:00,12:35:00,1615,2.0,No Info,13014
Air India,2019-04-24,Delhi,Cochin,14:10:00,17:10:00,180,0.0,No Info,6094
Jet Airways,2019-03-24,Kolkata,Banglore,21:10:00,10:05:00,775,1.0,No Info,14914
Indigo,2019-03-09,Mumbai,Hyderabad,02:30:00,04:00:00,90,0.0,No Info,4784
Multiple Carriers,2019-03-06,Delhi,Cochin,07:30:00,19:15:00,705,1.0,No Info,15077
Jet Airways,2019-03-06,Banglore,New Delhi,14:05:00,08:15:00,1090,1.0,In-flight meal not included,13502
Air Asia,2019-05-18,Delhi,Cochin,16:45:00,07:10:00,865,1.0,No Info,7353
Air India,2019-06-12,Delhi,Cochin,10:55:00,07:40:00,1245,2.0,No Info,11753
Jet Airways,2019-05-09,Kolkata,Banglore,14:05:00,04:40:00,875,1.0,No Info,13941
Vistara,2019-05-24,Kolkata,Banglore,07:10:00,22:40:00,930,1.0,No Info,9397
Spicejet,2019-03-24,Chennai,Kolkata,09:30:00,12:05:00,155,0.0,No check-in baggage included,3807
Air India,2019-03-18,Banglore,New Delhi,06:45:00,16:20:00,575,2.0,No Info,12935
Vistara,2019-04-01,Kolkata,Banglore,17:00:00,10:45:00,1065,1.0,No Info,9187
Jet Airways,2019-06-15,Banglore,Delhi,15:15:00,18:10:00,175,0.0,No Info,8016
Multiple Carriers,2019-05-18,Delhi,Cochin,07:30:00,19:15:00,705,1.0,No Info,7564
Jet Airways,2019-06-03,Banglore,Delhi,11:10:00,14:05:00,175,0.0,In-flight meal not included,5769
Multiple Carriers,2019-05-15,Delhi,Cochin,10:35:00,19:00:00,505,1.0,No Info,9103
Indigo,2019-04-12,Kolkata,Banglore,15:30:00,18:05:00,155,0.0,No Info,4174
Jet Airways,2019-05-21,Delhi,Cochin,14:00:00,19:00:00,300,1.0,In-flight meal not included,12898
Jet Airways,2019-03-21,Delhi,Cochin,18:25:00,18:50:00,1465,2.0,No Info,12347
Indigo,2019-06-15,Chennai,Kolkata,22:05:00,00:25:00,140,0.0,No Info,5277
Jet Airways,2019-03-15,Banglore,New Delhi,07:00:00,07:40:00,1480,1.0,In-flight meal not included,7832
Goair,2019-04-03,Delhi,Cochin,07:25:00,13:35:00,370,1.0,No Info,4106
Air Asia,2019-03-09,Delhi,Cochin,16:45:00,22:15:00,330,1.0,No Info,8327
Jet Airways,2019-03-06,Delhi,Cochin,19:15:00,04:25:00,550,1.0,No Info,17024
Spicejet,2019-04-15,Banglore,Delhi,09:30:00,12:20:00,170,0.0,No check-in baggage included,4319
Indigo,2019-05-03,Banglore,Delhi,16:55:00,19:55:00,180,0.0,No Info,4823
Indigo,2019-05-03,Banglore,Delhi,21:15:00,00:15:00,180,0.0,No Info,3943
Indigo,2019-05-09,Delhi,Cochin,05:05:00,12:10:00,425,1.0,No Info,6818
Jet Airways,2019-05-03,Mumbai,Hyderabad,02:55:00,04:20:00,85,0.0,No Info,5678
Multiple Carriers,2019-05-09,Delhi,Cochin,18:15:00,01:30:00,435,1.0,No Info,15078
Jet Airways,2019-05-01,Kolkata,Banglore,17:00:00,22:05:00,1745,1.0,No Info,14151
Air India,2019-04-01,Kolkata,Banglore,12:00:00,21:50:00,590,2.0,No Info,9258
Jet Airways,2019-06-27,Delhi,Cochin,07:05:00,19:00:00,715,1.0,No Info,18371
Multiple Carriers,2019-03-03,Delhi,Cochin,02:15:00,15:30:00,795,1.0,No Info,17057
Spicejet,2019-06-03,Kolkata,Banglore,22:20:00,00:40:00,140,0.0,No check-in baggage included,3841
Multiple Carriers,2019-04-09,Delhi,Cochin,08:30:00,19:00:00,630,1.0,No Info,10877
Air Asia,2019-06-06,Kolkata,Banglore,22:40:00,10:40:00,720,1.0,No Info,6810
Jet Airways,2019-06-01,Delhi,Cochin,10:00:00,19:00:00,540,1.0,No Info,14714
Spicejet,2019-05-03,Kolkata,Banglore,09:00:00,11:25:00,145,0.0,No check-in baggage included,3841
Air India,2019-06-09,Kolkata,Banglore,09:25:00,07:55:00,1350,1.0,No Info,8366
Air India,2019-03-06,Delhi,Cochin,05:55:00,07:40:00,1545,2.0,No Info,14641
Spicejet,2019-05-18,Banglore,Delhi,09:30:00,12:20:00,170,0.0,No Info,4423
Indigo,2019-03-03,Delhi,Cochin,02:05:00,07:25:00,320,1.0,No Info,10394
Multiple Carriers,2019-05-18,Delhi,Cochin,17:00:00,01:30:00,510,1.0,No Info,8283
Air India,2019-06-27,Delhi,Cochin,07:05:00,09:25:00,1580,2.0,No Info,10975
Jet Airways,2019-05-12,Kolkata,Banglore,09:35:00,14:25:00,1730,1.0,No Info,13067
Jet Airways,2019-03-21,Banglore,New Delhi,08:55:00,23:00:00,845,1.0,In-flight meal not included,6992
Vistara,2019-05-24,Banglore,Delhi,19:30:00,22:15:00,165,0.0,No Info,5823
Multiple Carriers,2019-03-06,Delhi,Cochin,09:00:00,21:00:00,720,1.0,In-flight meal not included,15136
Multiple Carriers,2019-05-09,Delhi,Cochin,10:35:00,19:00:00,505,1.0,No Info,9103
Multiple Carriers,2019-03-21,Delhi,Cochin,13:00:00,01:35:00,755,1.0,No Info,8098
Jet Airways,2019-03-15,Banglore,New Delhi,22:55:00,05:05:00,370,1.0,No Info,27210
Jet Airways,2019-03-24,Kolkata,Banglore,16:55:00,19:40:00,1605,1.0,In-flight meal not included,11134
Air India,2019-05-06,Kolkata,Banglore,09:50:00,23:15:00,805,2.0,No Info,14120
Spicejet,2019-05-15,Kolkata,Banglore,06:55:00,09:30:00,155,0.0,No Info,3873
Jet Airways,2019-06-12,Delhi,Cochin,13:00:00,19:00:00,360,1.0,No Info,14714
Air India,2019-06-09,Kolkata,Banglore,09:25:00,05:35:00,1210,2.0,No Info,11432
Indigo,2019-05-18,Delhi,Cochin,06:40:00,21:00:00,860,1.0,No Info,6758
Air India,2019-03-15,Delhi,Cochin,14:10:00,17:10:00,180,0.0,No Info,5674
Spicejet,2019-06-27,Mumbai,Hyderabad,13:15:00,14:45:00,90,0.0,No Info,2017
Air India,2019-04-21,Delhi,Cochin,14:10:00,17:10:00,180,0.0,No Info,6934
Spicejet,2019-05-18,Kolkata,Banglore,15:05:00,20:20:00,315,1.0,No Info,4963
Spicejet,2019-03-27,Kolkata,Banglore,06:55:00,09:35:00,160,0.0,No Info,3847
Jet Airways,2019-06-24,Delhi,Cochin,14:35:00,12:35:00,1320,2.0,No Info,13376
Spicejet,2019-03-21,Banglore,New Delhi,09:35:00,12:30:00,175,0.0,No Info,4945
Jet Airways,2019-03-24,Kolkata,Banglore,21:10:00,18:10:00,1260,1.0,In-flight meal not included,10031
Air India,2019-05-15,Kolkata,Banglore,09:50:00,23:15:00,805,2.0,No Info,14960
Spicejet,2019-03-09,Delhi,Cochin,06:10:00,11:20:00,310,1.0,No Info,8382
Jet Airways,2019-05-27,Delhi,Cochin,20:55:00,04:25:00,450,1.0,In-flight meal not included,12898
Indigo,2019-05-15,Delhi,Cochin,08:35:00,16:10:00,455,1.0,No Info,6442
Jet Airways,2019-03-06,Delhi,Cochin,16:50:00,04:25:00,2135,2.0,No Info,19907
Jet Airways,2019-05-12,Kolkata,Banglore,20:25:00,10:55:00,870,1.0,No Info,14151
Air India,2019-06-12,Kolkata,Banglore,16:45:00,08:55:00,970,2.0,No Info,14960
Jet Airways,2019-04-01,Kolkata,Banglore,20:00:00,19:50:00,1430,1.0,No Info,12681
Spicejet,2019-06-06,Kolkata,Banglore,09:00:00,11:25:00,145,0.0,No check-in baggage included,3841
Air India,2019-03-06,Banglore,New Delhi,12:00:00,23:25:00,685,3.0,No Info,14195
Jet Airways,2019-06-03,Delhi,Cochin,19:45:00,12:35:00,1010,1.0,No Info,14714
Air India,2019-03-24,Mumbai,Hyderabad,06:20:00,07:40:00,80,0.0,No Info,2575
Air India,2019-05-09,Mumbai,Hyderabad,13:55:00,15:25:00,90,0.0,No Info,3100
Air India,2019-06-18,Mumbai,Hyderabad,15:00:00,16:25:00,85,0.0,No Info,3100
Vistara,2019-03-03,Banglore,New Delhi,16:00:00,18:35:00,155,0.0,No Info,13383
Jet Airways,2019-06-12,Mumbai,Hyderabad,19:35:00,21:05:00,90,0.0,No Info,5678
Vistara,2019-05-21,Kolkata,Banglore,20:20:00,18:50:00,1350,1.0,No Info,9345
Indigo,2019-05-27,Banglore,Delhi,01:30:00,04:15:00,165,0.0,No Info,3419
Indigo,2019-04-03,Delhi,Cochin,21:05:00,00:20:00,195,0.0,No Info,5021
Jet Airways,2019-05-18,Kolkata,Banglore,18:55:00,18:15:00,1400,1.0,In-flight meal not included,10844
Jet Airways,2019-06-06,Delhi,Cochin,19:45:00,19:00:00,1395,1.0,In-flight meal not included,10262
Indigo,2019-06-03,Delhi,Cochin,18:35:00,01:30:00,415,1.0,No Info,6628
Air India,2019-05-18,Kolkata,Banglore,05:50:00,20:25:00,875,2.0,No Info,12093
Indigo,2019-03-21,Delhi,Cochin,16:00:00,21:00:00,300,1.0,No Info,6232
Goair,2019-06-27,Banglore,Delhi,07:45:00,10:40:00,175,0.0,No Info,3419
Indigo,2019-05-15,Delhi,Cochin,23:30:00,04:35:00,305,1.0,No Info,10123
Multiple Carriers,2019-06-24,Delhi,Cochin,09:15:00,19:15:00,600,1.0,No Info,8099
Air India,2019-03-21,Kolkata,Banglore,20:45:00,23:20:00,155,0.0,No Info,4435
Multiple Carriers,2019-05-27,Delhi,Cochin,17:45:00,01:30:00,465,1.0,No Info,6795
Jet Airways,2019-03-18,Banglore,New Delhi,05:45:00,15:15:00,570,1.0,No Info,12284
Air India,2019-03-09,Delhi,Cochin,08:40:00,19:15:00,635,1.0,No Info,18959
Indigo,2019-05-24,Chennai,Kolkata,13:15:00,15:35:00,140,0.0,No Info,3597
Indigo,2019-03-21,Banglore,New Delhi,00:40:00,03:25:00,165,0.0,No Info,4944
Air India,2019-04-21,Kolkata,Banglore,14:15:00,16:45:00,150,0.0,No Info,6245
Jet Airways,2019-04-01,Kolkata,Banglore,16:30:00,23:35:00,425,1.0,No Info,12681
Jet Airways,2019-06-09,Kolkata,Banglore,18:55:00,04:40:00,585,1.0,No Info,14178
Spicejet,2019-06-06,Mumbai,Hyderabad,13:15:00,14:45:00,90,0.0,No check-in baggage included,1965
Air India,2019-06-06,Delhi,Cochin,13:30:00,23:00:00,570,1.0,No Info,8907
Jet Airways,2019-04-01,Kolkata,Banglore,08:25:00,22:35:00,850,1.0,In-flight meal not included,7064
Air India,2019-06-12,Kolkata,Banglore,16:50:00,11:10:00,1100,1.0,No Info,8366
Goair,2019-05-24,Banglore,Delhi,20:55:00,23:40:00,165,0.0,No Info,3419
Multiple Carriers,2019-05-27,Delhi,Cochin,10:00:00,21:00:00,660,1.0,No Info,9718
Jet Airways,2019-06-24,Delhi,Cochin,23:05:00,19:00:00,1195,2.0,No Info,12819
Air India,2019-03-24,Banglore,New Delhi,06:10:00,08:55:00,165,0.0,No Info,3758
Jet Airways,2019-05-21,Kolkata,Banglore,20:00:00,12:00:00,960,1.0,In-flight meal not included,10844
Indigo,2019-04-24,Delhi,Cochin,16:00:00,21:00:00,300,1.0,No Info,5065
Jet Airways,2019-05-18,Delhi,Cochin,02:15:00,19:00:00,1005,1.0,No Info,15554
Indigo,2019-05-12,Kolkata,Banglore,04:50:00,09:50:00,300,1.0,No Info,4176
Indigo,2019-06-15,Banglore,Delhi,01:30:00,04:15:00,165,0.0,No Info,3419
Air Asia,2019-05-18,Banglore,Delhi,04:55:00,07:45:00,170,0.0,No Info,4282
Air India,2019-03-18,Banglore,New Delhi,17:00:00,19:45:00,165,0.0,No Info,11633
Jet Airways,2019-03-06,Delhi,Cochin,13:55:00,04:25:00,870,1.0,In-flight meal not included,13843
Air India,2019-03-21,Delhi,Cochin,16:40:00,19:15:00,1595,2.0,No Info,8236
Jet Airways,2019-03-12,Banglore,New Delhi,20:35:00,19:10:00,1355,1.0,In-flight meal not included,11087
Jet Airways,2019-05-18,Delhi,Cochin,02:15:00,19:00:00,1005,1.0,In-flight meal not included,12373
Spicejet,2019-05-21,Banglore,Delhi,05:55:00,08:35:00,160,0.0,No Info,3311
Indigo,2019-05-03,Chennai,Kolkata,11:35:00,14:00:00,145,0.0,No Info,4332
Air Asia,2019-04-27,Delhi,Cochin,16:45:00,07:10:00,865,1.0,No Info,6451
Jet Airways,2019-05-06,Delhi,Cochin,13:00:00,04:25:00,925,1.0,No Info,15554
Spicejet,2019-06-01,Banglore,Delhi,09:30:00,12:20:00,170,0.0,No check-in baggage included,3919
Indigo,2019-06-27,Banglore,Delhi,16:55:00,19:55:00,180,0.0,No Info,4823
Air India,2019-06-09,Banglore,Delhi,13:20:00,16:10:00,170,0.0,No Info,6961
Jet Airways,2019-06-24,Delhi,Cochin,15:00:00,19:00:00,1680,1.0,In-flight meal not included,10262
Indigo,2019-03-21,Delhi,Cochin,04:45:00,15:30:00,645,1.0,No Info,7738
Jet Airways,2019-06-12,Banglore,Delhi,07:10:00,10:10:00,180,0.0,No Info,8016
Jet Airways,2019-03-18,Mumbai,Hyderabad,07:10:00,08:35:00,85,0.0,In-flight meal not included,4995
Spicejet,2019-06-01,Banglore,Delhi,21:10:00,00:05:00,175,0.0,No check-in baggage included,3573
Vistara,2019-03-24,Chennai,Kolkata,07:05:00,09:20:00,135,0.0,No Info,4842
Jet Airways,2019-05-21,Kolkata,Banglore,06:30:00,08:15:00,1545,1.0,No Info,13941
Jet Airways,2019-05-21,Kolkata,Banglore,14:05:00,10:05:00,1200,1.0,In-flight meal not included,9663
Indigo,2019-03-15,Mumbai,Hyderabad,21:20:00,22:45:00,85,0.0,No Info,2754
Jet Airways,2019-05-27,Delhi,Cochin,08:00:00,04:25:00,1225,1.0,In-flight meal not included,12898
Jet Airways,2019-03-18,Banglore,New Delhi,07:00:00,12:25:00,325,1.0,No Info,12284
Spicejet,2019-06-12,Kolkata,Banglore,15:05:00,20:20:00,315,1.0,No Info,4649
Vistara,2019-04-24,Delhi,Cochin,14:40:00,17:50:00,190,0.0,No Info,6216
Spicejet,2019-06-27,Kolkata,Banglore,17:10:00,19:40:00,150,0.0,No check-in baggage included,3841
Jet Airways,2019-03-06,Delhi,Cochin,05:25:00,04:25:00,1380,2.0,In-flight meal not included,16389
Spicejet,2019-03-01,Banglore,New Delhi,09:35:00,12:30:00,175,0.0,No Info,11690
Jet Airways,2019-05-15,Kolkata,Banglore,20:00:00,04:40:00,520,1.0,In-flight meal not included,8586
Indigo,2019-06-09,Delhi,Cochin,05:05:00,16:10:00,665,1.0,No Info,6600
Spicejet,2019-06-15,Kolkata,Banglore,09:00:00,11:25:00,145,0.0,No Info,3873
Multiple Carriers,2019-05-18,Delhi,Cochin,11:25:00,19:15:00,470,1.0,No Info,7997
Jet Airways,2019-06-12,Kolkata,Banglore,09:35:00,21:05:00,690,1.0,In-flight meal not included,10539
Multiple Carriers,2019-03-27,Delhi,Cochin,13:00:00,01:35:00,755,1.0,No Info,12327
Jet Airways,2019-05-15,Kolkata,Banglore,06:30:00,12:00:00,330,1.0,No Info,14388
Spicejet,2019-06-27,Delhi,Cochin,06:05:00,11:20:00,315,1.0,No Info,5583
Jet Airways,2019-05-21,Kolkata,Banglore,09:35:00,21:05:00,690,1.0,No Info,14151
Air India,2019-03-24,Mumbai,Hyderabad,19:30:00,20:45:00,75,0.0,No Info,2575
Indigo,2019-05-03,Banglore,Delhi,18:25:00,21:20:00,175,0.0,No Info,4823
Indigo,2019-05-03,Chennai,Kolkata,13:15:00,15:35:00,140,0.0,No Info,3597
Spicejet,2019-04-15,Delhi,Cochin,17:55:00,22:50:00,295,1.0,No Info,5221
Vistara,2019-05-15,Banglore,Delhi,17:00:00,19:35:00,155,0.0,No Info,4878
Multiple Carriers,2019-06-01,Delhi,Cochin,08:45:00,19:15:00,630,1.0,No Info,10261
Jet Airways,2019-05-18,Delhi,Cochin,10:00:00,12:35:00,1595,1.0,In-flight meal not included,12373
Multiple Carriers,2019-03-27,Delhi,Cochin,06:00:00,19:15:00,795,1.0,No Info,8371
Multiple Carriers,2019-05-15,Delhi,Cochin,07:30:00,19:00:00,690,1.0,No Info,10529
Jet Airways,2019-05-09,Delhi,Cochin,21:25:00,12:35:00,910,2.0,In-flight meal not included,11507
Multiple Carriers,2019-03-27,Delhi,Cochin,08:55:00,21:00:00,725,1.0,No Info,8055
Jet Airways,2019-06-27,Delhi,Cochin,13:00:00,12:35:00,1415,1.0,In-flight meal not included,10262
Multiple Carriers,2019-06-24,Delhi,Cochin,10:35:00,19:15:00,520,1.0,No Info,7155
Jet Airways,2019-05-06,Banglore,Delhi,06:00:00,08:45:00,165,0.0,In-flight meal not included,5198
Air India,2019-05-15,Delhi,Cochin,13:05:00,09:25:00,1220,2.0,No Info,10975
Spicejet,2019-05-09,Chennai,Kolkata,17:45:00,20:05:00,140,0.0,No Info,3597
Indigo,2019-04-03,Kolkata,Banglore,09:35:00,12:20:00,165,0.0,No Info,4174
Vistara,2019-05-12,Banglore,Delhi,17:00:00,19:35:00,155,0.0,No Info,4878
Jet Airways,2019-06-03,Delhi,Cochin,02:15:00,19:00:00,1005,1.0,No Info,14714
Indigo,2019-06-09,Delhi,Cochin,09:15:00,21:00:00,705,1.0,No Info,6838
Air India,2019-06-24,Delhi,Cochin,19:45:00,19:15:00,1410,2.0,No Info,9443
Air India,2019-06-15,Kolkata,Banglore,20:45:00,23:20:00,155,0.0,No Info,4145
Indigo,2019-06-27,Delhi,Cochin,07:35:00,12:10:00,275,1.0,No Info,5054
Indigo,2019-04-21,Delhi,Cochin,07:35:00,12:10:00,275,1.0,No Info,5703
Jet Airways,2019-06-12,Delhi,Cochin,19:15:00,12:35:00,1040,1.0,In-flight meal not included,10262
Spicejet,2019-06-03,Chennai,Kolkata,08:20:00,10:35:00,135,0.0,No check-in baggage included,3543
Goair,2019-06-09,Kolkata,Banglore,23:30:00,07:45:00,495,1.0,No Info,6354
Spicejet,2019-05-27,Kolkata,Banglore,06:55:00,09:30:00,155,0.0,No check-in baggage included,3841
Jet Airways,2019-06-27,Delhi,Cochin,23:05:00,04:25:00,1760,2.0,No Info,15339
Air India,2019-06-21,Banglore,Delhi,06:10:00,08:55:00,165,0.0,No Info,6961
Air India,2019-03-12,Mumbai,Hyderabad,21:05:00,22:25:00,80,0.0,No Info,4307
Indigo,2019-06-15,Banglore,Delhi,21:15:00,00:15:00,180,0.0,No Info,3943
Indigo,2019-03-21,Banglore,New Delhi,13:00:00,15:50:00,170,0.0,No Info,5694
Indigo,2019-05-15,Kolkata,Banglore,17:35:00,22:15:00,280,1.0,No Info,5386
Air India,2019-04-03,Kolkata,Banglore,20:45:00,23:20:00,155,0.0,No Info,4460
Indigo,2019-05-06,Kolkata,Banglore,04:40:00,07:15:00,155,0.0,No Info,4804
Jet Airways,2019-03-18,Banglore,New Delhi,16:55:00,10:25:00,1050,1.0,In-flight meal not included,11087
Jet Airways,2019-05-06,Banglore,Delhi,17:45:00,20:45:00,180,0.0,In-flight meal not included,4030
Air Asia,2019-06-09,Delhi,Cochin,16:45:00,22:25:00,340,1.0,No Info,13470
Indigo,2019-06-03,Banglore,Delhi,07:10:00,10:05:00,175,0.0,No Info,4823
Jet Airways,2019-03-06,Banglore,New Delhi,08:55:00,05:05:00,1210,1.0,No Info,16736
Air India,2019-05-24,Banglore,Delhi,06:10:00,08:55:00,165,0.0,No Info,8273
Jet Airways,2019-03-24,Kolkata,Banglore,21:10:00,20:40:00,1410,1.0,In-flight meal not included,10031
Indigo,2019-05-01,Banglore,Delhi,08:30:00,11:20:00,170,0.0,No Info,4823
Air India,2019-03-24,Kolkata,Banglore,16:50:00,18:30:00,1540,1.0,No Info,14641
Indigo,2019-03-06,Delhi,Cochin,04:45:00,21:00:00,975,1.0,No Info,13611
Indigo,2019-05-18,Delhi,Cochin,08:35:00,22:30:00,835,1.0,No Info,7144
Jet Airways,2019-05-12,Banglore,Delhi,07:10:00,10:10:00,180,0.0,No Info,7229
Jet Airways,2019-03-21,Delhi,Cochin,19:15:00,18:50:00,1415,1.0,No Info,12347
Indigo,2019-06-15,Delhi,Cochin,07:35:00,16:10:00,515,1.0,No Info,6442
Jet Airways,2019-03-09,Delhi,Cochin,06:50:00,19:45:00,775,1.0,No Info,16289
Spicejet,2019-03-21,Delhi,Cochin,06:10:00,11:20:00,310,1.0,No Info,6065
Vistara,2019-03-12,Mumbai,Hyderabad,08:45:00,22:55:00,850,1.0,No Info,12080
Jet Airways,2019-06-09,Kolkata,Banglore,14:05:00,19:50:00,345,1.0,In-flight meal not included,10844
Indigo,2019-04-21,Delhi,Cochin,02:00:00,07:45:00,345,1.0,No Info,6258
Jet Airways,2019-03-06,Banglore,New Delhi,22:50:00,10:25:00,695,1.0,No Info,17261
Indigo,2019-03-09,Banglore,New Delhi,21:20:00,00:15:00,175,0.0,No Info,6144
Air India,2019-05-01,Kolkata,Banglore,05:50:00,13:15:00,445,2.0,No Info,7662
Goair,2019-06-01,Banglore,Delhi,20:55:00,23:40:00,165,0.0,No Info,3898
Air India,2019-04-03,Banglore,Delhi,10:00:00,12:45:00,165,0.0,No Info,5176
Air India,2019-05-21,Delhi,Cochin,09:45:00,09:25:00,1420,2.0,No Info,10975
Jet Airways,2019-05-27,Banglore,Delhi,07:10:00,10:10:00,180,0.0,In-flight meal not included,4030
Jet Airways,2019-06-03,Delhi,Cochin,15:00:00,04:25:00,805,1.0,No Info,14714
Air India,2019-06-27,Delhi,Cochin,17:15:00,07:40:00,865,2.0,No Info,13039
Air India,2019-06-09,Delhi,Cochin,22:00:00,19:15:00,1275,2.0,No Info,10651
Indigo,2019-06-06,Delhi,Cochin,09:15:00,01:30:00,975,1.0,No Info,6628
Jet Airways,2019-06-03,Banglore,Delhi,18:55:00,22:00:00,185,0.0,No Info,8016
Indigo,2019-04-03,Delhi,Cochin,16:00:00,21:00:00,300,1.0,No Info,5073
Spicejet,2019-05-09,Kolkata,Banglore,09:00:00,11:25:00,145,0.0,No Info,3873
Multiple Carriers,2019-05-21,Delhi,Cochin,16:00:00,01:30:00,570,1.0,No Info,14067
Jet Airways,2019-05-09,Delhi,Cochin,11:40:00,19:00:00,440,2.0,No Info,21219
Vistara,2019-05-24,Kolkata,Banglore,07:10:00,18:50:00,700,1.0,No Info,9555
Jet Airways,2019-04-01,Kolkata,Banglore,20:00:00,22:35:00,1595,1.0,No Info,12681
Air India,2019-03-03,Delhi,Cochin,04:00:00,07:40:00,1660,1.0,No Info,14462
Jet Airways,2019-03-01,Banglore,New Delhi,07:00:00,13:15:00,375,1.0,No Info,26890
Multiple Carriers,2019-05-09,Delhi,Cochin,04:55:00,19:15:00,860,1.0,No Info,7575
Jet Airways,2019-04-27,Banglore,Delhi,17:45:00,20:45:00,180,0.0,No Info,7229
Air India,2019-06-12,Kolkata,Banglore,09:10:00,13:15:00,245,1.0,No Info,8996
Jet Airways,2019-06-09,Kolkata,Banglore,20:00:00,08:15:00,735,1.0,No Info,14939
Vistara,2019-06-18,Banglore,Delhi,07:00:00,09:40:00,160,0.0,No Info,4668
Jet Airways,2019-04-24,Banglore,Delhi,07:10:00,10:10:00,180,0.0,In-flight meal not included,6144
Jet Airways,2019-06-03,Delhi,Cochin,11:30:00,19:00:00,450,1.0,In-flight meal not included,10262
Indigo,2019-06-12,Delhi,Cochin,05:10:00,10:05:00,295,1.0,No Info,6496
Spicejet,2019-05-01,Kolkata,Banglore,09:00:00,11:25:00,145,0.0,No check-in baggage included,3841
Indigo,2019-05-18,Kolkata,Banglore,04:40:00,07:15:00,155,0.0,No Info,4804
Indigo,2019-06-06,Banglore,Delhi,20:00:00,22:50:00,170,0.0,No Info,4823
Vistara,2019-05-18,Banglore,Delhi,21:00:00,23:50:00,170,0.0,No Info,4668
Multiple Carriers,2019-06-09,Delhi,Cochin,09:15:00,19:00:00,585,1.0,No Info,11622
Indigo,2019-03-03,Chennai,Kolkata,07:55:00,10:15:00,140,0.0,No Info,7295
Air India,2019-05-12,Kolkata,Banglore,12:00:00,18:30:00,1830,2.0,No Info,10676
Indigo,2019-06-18,Mumbai,Hyderabad,09:15:00,10:45:00,90,0.0,No Info,4049
Air India,2019-04-03,Mumbai,Hyderabad,19:30:00,20:45:00,75,0.0,No Info,2050
Indigo,2019-03-21,Delhi,Cochin,04:45:00,21:00:00,975,1.0,No Info,6314
Multiple Carriers,2019-05-27,Delhi,Cochin,18:15:00,01:30:00,435,1.0,No Info,13377
Multiple Carriers,2019-06-24,Delhi,Cochin,04:55:00,19:00:00,845,1.0,No Info,10678
Indigo,2019-06-01,Delhi,Cochin,05:35:00,08:50:00,195,0.0,No Info,6541
Indigo,2019-03-21,Kolkata,Banglore,05:30:00,08:20:00,170,0.0,No Info,4148
Indigo,2019-06-27,Banglore,Delhi,18:25:00,21:20:00,175,0.0,No Info,4823
Multiple Carriers,2019-05-06,Delhi,Cochin,09:00:00,19:00:00,600,1.0,No Info,10407
Jet Airways,2019-03-24,Kolkata,Banglore,19:45:00,18:10:00,1345,1.0,No Info,13759
Indigo,2019-04-21,Kolkata,Banglore,20:20:00,22:55:00,155,0.0,No Info,4804
Goair,2019-05-12,Banglore,Delhi,07:45:00,10:40:00,175,0.0,No Info,3898
Jet Airways,2019-05-18,Kolkata,Banglore,16:30:00,04:40:00,730,1.0,No Info,13941
Jet Airways,2019-06-09,Kolkata,Banglore,09:35:00,10:55:00,1520,1.0,No Info,14151
Multiple Carriers,2019-03-27,Delhi,Cochin,11:40:00,21:00:00,560,1.0,No Info,6637
Indigo,2019-06-09,Kolkata,Banglore,09:20:00,14:15:00,295,1.0,No Info,11465
Air India,2019-06-09,Kolkata,Banglore,12:00:00,18:30:00,1830,2.0,No Info,10151
Air India,2019-06-01,Delhi,Cochin,16:55:00,19:15:00,1580,2.0,No Info,13801
Indigo,2019-05-03,Kolkata,Banglore,21:25:00,00:05:00,160,0.0,No Info,4804
Jet Airways,2019-04-12,Banglore,Delhi,08:20:00,11:20:00,180,0.0,No Info,7229
Air Asia,2019-06-06,Kolkata,Banglore,07:35:00,23:30:00,955,1.0,No Info,6810
Air India,2019-03-01,Banglore,New Delhi,22:00:00,23:20:00,1520,1.0,Change airports,14305
Air India,2019-04-01,Kolkata,Banglore,05:50:00,23:15:00,1045,2.0,No Info,11516
Jet Airways,2019-03-27,Delhi,Cochin,23:05:00,04:25:00,320,1.0,In-flight meal not included,7438
Air India,2019-06-09,Kolkata,Banglore,09:25:00,13:45:00,1700,2.0,No Info,11752
Spicejet,2019-03-21,Kolkata,Banglore,22:20:00,00:40:00,140,0.0,No check-in baggage included,3815
Jet Airways,2019-03-21,Delhi,Cochin,10:45:00,18:50:00,1925,2.0,In-flight meal not included,7791
Multiple Carriers,2019-06-27,Delhi,Cochin,04:55:00,19:00:00,845,1.0,No Info,10678
Jet Airways,2019-05-24,Kolkata,Banglore,18:55:00,23:35:00,1720,1.0,In-flight meal not included,10844
Vistara,2019-06-01,Chennai,Kolkata,17:45:00,20:05:00,140,0.0,No Info,11982
Indigo,2019-06-15,Delhi,Cochin,08:35:00,16:10:00,455,1.0,No Info,6442
Jet Airways,2019-05-27,Delhi,Cochin,10:00:00,12:35:00,1595,1.0,In-flight meal not included,12898
Indigo,2019-06-09,Kolkata,Banglore,15:10:00,20:30:00,320,1.0,No Info,7095
Spicejet,2019-04-09,Kolkata,Banglore,06:55:00,09:30:00,155,0.0,No Info,3873
Spicejet,2019-04-03,Banglore,Delhi,09:30:00,12:20:00,170,0.0,No check-in baggage included,3919
Air India,2019-03-03,Banglore,New Delhi,08:15:00,23:10:00,895,1.0,No Info,6781
Air Asia,2019-03-06,Kolkata,Banglore,19:35:00,22:05:00,150,0.0,No Info,4384
Indigo,2019-03-06,Delhi,Cochin,07:35:00,12:00:00,265,1.0,No Info,7725
Indigo,2019-04-03,Mumbai,Hyderabad,02:35:00,04:05:00,90,0.0,No Info,2754
Multiple Carriers,2019-03-21,Delhi,Cochin,17:00:00,01:35:00,515,1.0,No Info,7363
Jet Airways,2019-05-09,Kolkata,Banglore,16:30:00,08:15:00,945,1.0,No Info,13941
Air India,2019-05-09,Kolkata,Banglore,08:20:00,23:15:00,895,2.0,No Info,11432
Indigo,2019-06-03,Delhi,Cochin,14:20:00,22:30:00,490,1.0,No Info,6938
Vistara,2019-05-06,Chennai,Kolkata,17:45:00,20:05:00,140,0.0,No Info,11982
Multiple Carriers,2019-05-09,Delhi,Cochin,17:00:00,01:30:00,510,1.0,No Info,9424
Spicejet,2019-06-09,Banglore,Delhi,21:10:00,00:05:00,175,0.0,No Info,3971
Jet Airways,2019-05-09,Kolkata,Banglore,16:30:00,04:40:00,730,1.0,In-flight meal not included,10844
Jet Airways,2019-06-03,Banglore,Delhi,15:15:00,18:10:00,175,0.0,No Info,8016
Jet Airways,2019-06-24,Delhi,Cochin,18:15:00,04:25:00,610,1.0,In-flight meal not included,10262
Spicejet,2019-03-15,Chennai,Kolkata,09:30:00,12:05:00,155,0.0,No Info,6300
Jet Airways,2019-05-06,Kolkata,Banglore,14:05:00,23:35:00,570,1.0,In-flight meal not included,11841
Indigo,2019-03-03,Banglore,New Delhi,07:30:00,12:20:00,290,1.0,No Info,6220
Air Asia,2019-04-12,Kolkata,Banglore,19:55:00,22:25:00,150,0.0,No Info,4409
Jet Airways,2019-06-12,Banglore,Delhi,18:55:00,22:00:00,185,0.0,In-flight meal not included,5769
Jet Airways,2019-03-03,Delhi,Cochin,05:25:00,18:50:00,2245,2.0,No Info,20064
Air Asia,2019-03-24,Banglore,New Delhi,23:25:00,02:10:00,165,0.0,No Info,4482
Indigo,2019-06-03,Chennai,Kolkata,22:05:00,00:25:00,140,0.0,No Info,5277
Indigo,2019-03-03,Delhi,Cochin,15:00:00,01:35:00,635,1.0,No Info,14871
Air India,2019-03-01,Banglore,New Delhi,10:30:00,22:55:00,745,1.0,No Info,11003
Spicejet,2019-06-15,Banglore,Delhi,21:10:00,00:05:00,175,0.0,No Info,3971
Spicejet,2019-04-06,Kolkata,Banglore,22:20:00,00:40:00,140,0.0,No Info,3873
Jet Airways,2019-04-24,Banglore,Delhi,19:50:00,22:50:00,180,0.0,No Info,7229
Air India,2019-05-12,Mumbai,Hyderabad,19:30:00,20:45:00,75,0.0,No Info,3625
Multiple Carriers,2019-06-27,Delhi,Cochin,08:00:00,19:00:00,660,1.0,No Info,12192
Jet Airways,2019-05-18,Delhi,Cochin,14:00:00,19:00:00,300,1.0,No Info,15554
Indigo,2019-05-18,Mumbai,Hyderabad,21:20:00,22:50:00,90,0.0,No Info,2227
Vistara,2019-05-12,Banglore,Delhi,21:00:00,23:50:00,170,0.0,No Info,4668
Jet Airways,2019-06-15,Banglore,Delhi,19:50:00,22:50:00,180,0.0,No Info,8016
Air India,2019-06-15,Delhi,Cochin,13:20:00,07:40:00,1100,2.0,No Info,12121
Jet Airways,2019-05-15,Kolkata,Banglore,16:30:00,23:35:00,425,1.0,No Info,13941
Indigo,2019-04-01,Delhi,Cochin,06:50:00,12:10:00,320,1.0,No Info,5298
Spicejet,2019-06-15,Chennai,Kolkata,08:20:00,10:35:00,135,0.0,No check-in baggage included,3543
Air India,2019-04-24,Banglore,Delhi,21:05:00,23:55:00,170,0.0,No Info,5228
Jet Airways,2019-06-09,Kolkata,Banglore,14:05:00,23:35:00,570,1.0,No Info,14571
Indigo,2019-03-09,Delhi,Cochin,08:35:00,21:20:00,765,2.0,No Info,8146
Air India,2019-06-06,Kolkata,Banglore,12:00:00,11:10:00,1390,2.0,No Info,9416
Jet Airways,2019-03-01,Banglore,New Delhi,05:45:00,15:15:00,570,1.0,No Info,26890
Multiple Carriers,2019-05-21,Delhi,Cochin,09:00:00,21:00:00,720,1.0,No Info,7888
Multiple Carriers,2019-06-12,Delhi,Cochin,10:20:00,19:15:00,535,1.0,No Info,8266
Air India,2019-05-15,Delhi,Cochin,08:00:00,19:15:00,675,1.0,No Info,8372
Jet Airways,2019-06-06,Kolkata,Banglore,06:30:00,23:35:00,1025,1.0,No Info,14571
Jet Airways,2019-04-24,Banglore,Delhi,18:55:00,22:00:00,185,0.0,In-flight meal not included,4544
Vistara,2019-05-24,Chennai,Kolkata,07:05:00,09:20:00,135,0.0,No Info,3687
Multiple Carriers,2019-05-27,Delhi,Cochin,06:00:00,19:15:00,795,1.0,No Info,10786
Indigo,2019-05-15,Kolkata,Banglore,07:10:00,12:40:00,330,1.0,No Info,4864
Spicejet,2019-03-27,Delhi,Cochin,06:10:00,11:20:00,310,1.0,No Info,5351
Multiple Carriers,2019-06-01,Delhi,Cochin,12:50:00,21:00:00,490,1.0,No Info,7005
Air Asia,2019-06-01,Delhi,Cochin,16:45:00,22:25:00,340,1.0,No Info,11410
Jet Airways,2019-06-01,Banglore,Delhi,17:45:00,20:45:00,180,0.0,In-flight meal not included,7229
Spicejet,2019-06-03,Chennai,Kolkata,09:45:00,12:00:00,135,0.0,No check-in baggage included,3859
Indigo,2019-06-03,Mumbai,Hyderabad,06:25:00,07:55:00,90,0.0,No Info,4049
Air India,2019-03-15,Banglore,New Delhi,08:50:00,15:15:00,385,1.0,No Info,8714
Spicejet,2019-03-01,Banglore,New Delhi,15:35:00,23:40:00,485,1.0,1 Long layover,7744
Spicejet,2019-03-18,Chennai,Kolkata,08:20:00,10:35:00,135,0.0,No Info,3859
Jet Airways,2019-05-01,Kolkata,Banglore,06:30:00,16:20:00,590,1.0,No Info,14781
Jet Airways,2019-04-15,Banglore,Delhi,18:55:00,22:00:00,185,0.0,In-flight meal not included,4544
Jet Airways,2019-05-06,Kolkata,Banglore,20:25:00,21:05:00,1480,1.0,No Info,13067
Multiple Carriers,2019-06-15,Delhi,Cochin,08:30:00,19:00:00,630,1.0,No Info,11200
Indigo,2019-04-24,Kolkata,Banglore,19:20:00,23:45:00,265,1.0,No Info,3480
Air India,2019-06-06,Mumbai,Hyderabad,21:05:00,22:25:00,80,0.0,No Info,3100
Multiple Carriers,2019-06-06,Delhi,Cochin,17:30:00,01:30:00,480,1.0,No Info,13377
Indigo,2019-05-27,Delhi,Cochin,14:25:00,17:40:00,195,0.0,No Info,6015
Jet Airways,2019-03-27,Delhi,Cochin,02:15:00,04:25:00,1570,1.0,No Info,12242
Multiple Carriers,2019-05-18,Delhi,Cochin,19:00:00,01:30:00,390,1.0,No Info,8283
Air India,2019-06-09,Delhi,Cochin,20:00:00,07:40:00,700,1.0,No Info,8372
Multiple Carriers,2019-03-09,Delhi,Cochin,07:30:00,19:45:00,735,1.0,No Info,12615
Air India,2019-03-06,Mumbai,Hyderabad,09:15:00,09:15:00,1440,1.0,No Info,9535
Multiple Carriers,2019-05-15,Delhi,Cochin,13:00:00,21:00:00,480,1.0,No Info,8073
Indigo,2019-04-03,Mumbai,Hyderabad,16:55:00,18:25:00,90,0.0,No Info,3175
Jet Airways,2019-05-12,Banglore,Delhi,15:15:00,18:10:00,175,0.0,No Info,7229
Jet Airways,2019-03-06,Banglore,New Delhi,21:25:00,05:05:00,460,1.0,No Info,19225
Air India,2019-03-09,Banglore,New Delhi,11:05:00,22:45:00,700,1.0,No Info,10657
Air India,2019-06-09,Kolkata,Banglore,09:50:00,12:30:00,1600,2.0,No Info,14960
Multiple Carriers,2019-06-12,Delhi,Cochin,10:00:00,01:30:00,930,1.0,No Info,7198
Multiple Carriers,2019-06-06,Delhi,Cochin,04:55:00,12:35:00,460,1.0,No Info,10678
Spicejet,2019-05-18,Mumbai,Hyderabad,13:15:00,14:45:00,90,0.0,No Info,2227
Spicejet,2019-03-15,Mumbai,Hyderabad,22:45:00,00:10:00,85,0.0,No Info,2753
Spicejet,2019-04-06,Banglore,Delhi,21:10:00,00:05:00,175,0.0,No Info,3971
Indigo,2019-04-21,Banglore,Delhi,01:30:00,04:15:00,165,0.0,No Info,4591
Indigo,2019-06-06,Mumbai,Hyderabad,12:00:00,13:30:00,90,0.0,No Info,2754
Indigo,2019-05-18,Kolkata,Banglore,09:35:00,12:20:00,165,0.0,No Info,4804
Spicejet,2019-06-24,Banglore,Delhi,21:10:00,00:05:00,175,0.0,No Info,3971
Jet Airways,2019-03-15,Banglore,New Delhi,08:00:00,18:25:00,625,1.0,In-flight meal not included,9134
Jet Airways,2019-05-24,Delhi,Cochin,11:40:00,19:00:00,440,2.0,No Info,21219
Air India,2019-03-03,Chennai,Kolkata,11:40:00,13:55:00,135,0.0,No Info,10810
Jet Airways,2019-06-01,Delhi,Cochin,14:00:00,19:00:00,300,1.0,No Info,14714
Jet Airways,2019-03-01,Banglore,New Delhi,14:05:00,00:45:00,640,1.0,No Info,26890
Indigo,2019-03-01,Mumbai,Hyderabad,21:20:00,22:45:00,85,0.0,No Info,12475
Jet Airways,2019-05-06,Kolkata,Banglore,18:55:00,16:20:00,1285,1.0,No Info,13584
Air India,2019-06-21,Delhi,Cochin,14:10:00,17:10:00,180,0.0,No Info,5201
Jet Airways,2019-06-15,Delhi,Cochin,09:40:00,12:35:00,1615,2.0,In-flight meal not included,10368
Indigo,2019-06-15,Delhi,Cochin,07:15:00,12:30:00,315,1.0,No Info,6582
Spicejet,2019-06-15,Banglore,Delhi,05:55:00,08:35:00,160,0.0,No Info,4423
Multiple Carriers,2019-06-06,Delhi,Cochin,09:00:00,19:00:00,600,1.0,No Info,12192
Air India,2019-05-18,Kolkata,Banglore,16:50:00,13:45:00,1255,2.0,No Info,13432
Indigo,2019-03-21,Banglore,New Delhi,04:00:00,06:50:00,170,0.0,No Info,4777
Vistara,2019-05-21,Chennai,Kolkata,07:05:00,09:20:00,135,0.0,No Info,3687
Multiple Carriers,2019-05-18,Delhi,Cochin,10:35:00,19:15:00,520,1.0,No Info,8309
Vistara,2019-03-18,Banglore,New Delhi,21:10:00,00:05:00,175,0.0,No Info,11598
Goair,2019-05-01,Kolkata,Banglore,16:40:00,00:15:00,455,1.0,No Info,6484
Goair,2019-05-18,Banglore,Delhi,11:40:00,14:30:00,170,0.0,No Info,4340
Jet Airways,2019-05-03,Banglore,Delhi,06:00:00,08:45:00,165,0.0,No Info,7229
Jet Airways,2019-06-24,Banglore,Delhi,15:15:00,18:10:00,175,0.0,In-flight meal not included,5769
Multiple Carriers,2019-06-09,Delhi,Cochin,07:05:00,21:00:00,835,1.0,No Info,13587
Indigo,2019-04-09,Kolkata,Banglore,20:20:00,22:55:00,155,0.0,No Info,4488
Multiple Carriers,2019-05-06,Delhi,Cochin,13:00:00,21:00:00,480,1.0,No Info,13727
Jet Airways,2019-06-09,Kolkata,Banglore,06:30:00,04:40:00,1330,1.0,No Info,14178
Jet Airways,2019-05-15,Kolkata,Banglore,08:25:00,18:15:00,590,1.0,No Info,14781
Goair,2019-04-03,Delhi,Cochin,10:35:00,19:35:00,540,1.0,No Info,5135
Jet Airways,2019-06-15,Delhi,Cochin,14:35:00,04:25:00,830,2.0,No Info,13376
Multiple Carriers,2019-06-03,Delhi,Cochin,08:45:00,19:15:00,630,1.0,No Info,9001
Indigo,2019-06-01,Delhi,Cochin,02:00:00,07:45:00,345,1.0,No Info,6386
Goair,2019-06-18,Banglore,Delhi,07:45:00,10:40:00,175,0.0,No Info,3419
Multiple Carriers,2019-06-06,Delhi,Cochin,07:00:00,21:00:00,840,1.0,No Info,7408
Air India,2019-06-09,Kolkata,Banglore,09:25:00,21:50:00,745,1.0,No Info,8366
Jet Airways,2019-05-15,Kolkata,Banglore,18:55:00,22:35:00,1660,1.0,In-flight meal not included,10844
Jet Airways,2019-04-15,Banglore,Delhi,15:15:00,18:10:00,175,0.0,In-flight meal not included,4544
Indigo,2019-03-03,Banglore,New Delhi,20:00:00,22:55:00,175,0.0,No Info,7303
Jet Airways,2019-05-12,Kolkata,Banglore,06:30:00,18:15:00,705,1.0,In-flight meal not included,10844
Goair,2019-03-15,Banglore,New Delhi,07:45:00,10:40:00,175,0.0,No Info,5706
Indigo,2019-06-01,Banglore,Delhi,06:05:00,08:50:00,165,0.0,No Info,3943
Multiple Carriers,2019-06-03,Delhi,Cochin,13:00:00,19:15:00,375,1.0,No Info,14848
Spicejet,2019-06-18,Kolkata,Banglore,22:20:00,00:40:00,140,0.0,No check-in baggage included,3841
Jet Airways,2019-03-01,Banglore,New Delhi,16:55:00,07:40:00,885,1.0,1 Long layover,26890
Air India,2019-03-18,Banglore,New Delhi,11:05:00,22:10:00,665,2.0,No Info,10846
Jet Airways,2019-03-27,Delhi,Cochin,05:10:00,19:45:00,2315,2.0,In-flight meal not included,8098
Jet Airways,2019-06-01,Delhi,Cochin,14:00:00,04:25:00,865,1.0,In-flight meal not included,10262
Air India,2019-03-24,Kolkata,Banglore,09:25:00,05:35:00,1210,2.0,No Info,11774
Jet Airways,2019-05-27,Delhi,Cochin,13:00:00,04:25:00,925,1.0,In-flight meal not included,12898
Spicejet,2019-04-12,Banglore,Delhi,05:55:00,08:35:00,160,0.0,No Info,4423
Air India,2019-05-18,Kolkata,Banglore,08:20:00,21:50:00,810,2.0,No Info,10697
Air India,2019-05-09,Delhi,Cochin,14:25:00,19:15:00,1730,2.0,No Info,13591
Spicejet,2019-06-15,Mumbai,Hyderabad,22:45:00,00:15:00,90,0.0,No check-in baggage included,1965
Spicejet,2019-05-21,Chennai,Kolkata,17:45:00,20:05:00,140,0.0,No check-in baggage included,3543
Jet Airways,2019-06-06,Delhi,Cochin,10:00:00,19:00:00,540,1.0,In-flight meal not included,10262
Indigo,2019-06-01,Banglore,Delhi,22:10:00,01:00:00,170,0.0,No Info,3419
Indigo,2019-03-27,Delhi,Cochin,14:20:00,22:20:00,480,1.0,No Info,6938
Jet Airways,2019-03-27,Delhi,Cochin,05:10:00,04:25:00,1395,2.0,In-flight meal not included,9412
Indigo,2019-06-06,Delhi,Cochin,08:35:00,22:30:00,835,1.0,No Info,6442
Indigo,2019-03-09,Kolkata,Banglore,10:10:00,12:55:00,165,0.0,No Info,4462
Indigo,2019-04-01,Kolkata,Banglore,19:35:00,23:15:00,220,1.0,No Info,4226
Jet Airways,2019-06-27,Delhi,Cochin,06:45:00,12:35:00,1790,2.0,In-flight meal not included,10919
Air India,2019-06-01,Delhi,Cochin,13:15:00,09:25:00,1210,2.0,No Info,10467
Jet Airways,2019-03-12,Banglore,New Delhi,22:55:00,12:25:00,810,1.0,In-flight meal not included,11087
Indigo,2019-05-21,Banglore,Delhi,20:00:00,22:50:00,170,0.0,No Info,4823
Vistara,2019-05-18,Banglore,Delhi,07:00:00,09:40:00,160,0.0,No Info,4878
Air Asia,2019-04-03,Kolkata,Banglore,10:20:00,12:55:00,155,0.0,No Info,4107
Jet Airways,2019-03-21,Delhi,Cochin,18:15:00,04:25:00,610,1.0,In-flight meal not included,5963
Multiple Carriers,2019-05-15,Delhi,Cochin,03:50:00,12:35:00,525,1.0,No Info,10197
Goair,2019-04-06,Delhi,Cochin,10:35:00,19:35:00,540,1.0,No Info,5135
Air India,2019-03-24,Kolkata,Banglore,09:10:00,21:50:00,760,2.0,No Info,15187
Jet Airways,2019-06-15,Delhi,Cochin,14:00:00,19:00:00,300,1.0,In-flight meal not included,10262
Goair,2019-05-27,Delhi,Cochin,07:00:00,12:55:00,355,1.0,No Info,5752
Jet Airways,2019-06-27,Delhi,Cochin,13:25:00,12:35:00,1390,2.0,No Info,15339
Indigo,2019-04-12,Banglore,Delhi,23:30:00,02:20:00,170,0.0,No Info,6906
Multiple Carriers,2019-06-12,Delhi,Cochin,07:05:00,21:00:00,835,1.0,In-flight meal not included,10406
Air India,2019-05-24,Mumbai,Hyderabad,19:30:00,20:45:00,75,0.0,No Info,3625
Spicejet,2019-05-27,Banglore,Delhi,21:10:00,00:05:00,175,0.0,No Info,3311
Multiple Carriers,2019-03-06,Delhi,Cochin,02:15:00,13:20:00,665,1.0,No Info,17057
Air India,2019-05-21,Delhi,Cochin,05:00:00,07:40:00,1600,2.0,No Info,11806
Air India,2019-03-06,Delhi,Cochin,17:20:00,09:25:00,965,1.0,No Info,12677
Air India,2019-05-24,Kolkata,Banglore,09:50:00,21:05:00,675,1.0,No Info,7662
Air India,2019-03-21,Delhi,Cochin,19:00:00,19:15:00,1455,1.0,No Info,6587
Air India,2019-03-24,Kolkata,Banglore,09:10:00,13:40:00,270,1.0,No Info,8026
Jet Airways,2019-03-27,Delhi,Cochin,18:15:00,04:25:00,610,1.0,No Info,12242
Jet Airways,2019-05-12,Banglore,Delhi,18:55:00,22:00:00,185,0.0,In-flight meal not included,4030
Air India,2019-05-09,Kolkata,Banglore,09:50:00,21:05:00,675,1.0,No Info,7452
Jet Airways,2019-06-15,Delhi,Cochin,12:15:00,12:35:00,1460,2.0,No Info,14300
Air India,2019-03-06,Mumbai,Hyderabad,06:00:00,19:25:00,2245,2.0,No Info,13904
Spicejet,2019-05-03,Chennai,Kolkata,17:45:00,20:05:00,140,0.0,No check-in baggage included,3543
Jet Airways,2019-06-06,Kolkata,Banglore,08:25:00,04:40:00,1215,1.0,No Info,13731
Multiple Carriers,2019-03-03,Delhi,Cochin,07:10:00,16:10:00,540,1.0,In-flight meal not included,8552
Jet Airways,2019-03-01,Banglore,New Delhi,07:00:00,21:20:00,860,1.0,No Info,27992
Indigo,2019-04-24,Kolkata,Banglore,20:20:00,22:55:00,155,0.0,No Info,4804
Jet Airways,2019-05-06,Kolkata,Banglore,09:35:00,18:00:00,505,1.0,In-flight meal not included,12384
Jet Airways,2019-03-27,Delhi,Cochin,09:55:00,18:50:00,535,1.0,No Info,12032
Jet Airways,2019-05-18,Delhi,Cochin,23:05:00,19:00:00,1195,2.0,No Info,15129
Jet Airways,2019-05-18,Kolkata,Banglore,08:25:00,12:00:00,1655,1.0,In-flight meal not included,10844
Goair,2019-04-24,Banglore,Delhi,07:45:00,10:40:00,175,0.0,No Info,4632
Spicejet,2019-06-03,Chennai,Kolkata,17:45:00,20:05:00,140,0.0,No Info,3597
Air India,2019-05-18,Delhi,Cochin,12:30:00,09:25:00,1255,1.0,No Info,7480
Air India,2019-03-03,Delhi,Cochin,05:55:00,07:40:00,1545,2.0,No Info,15113
Indigo,2019-04-18,Banglore,Delhi,04:00:00,06:50:00,170,0.0,No Info,4423
Air India,2019-03-24,Kolkata,Banglore,12:00:00,13:40:00,1540,1.0,No Info,7742
Indigo,2019-05-09,Kolkata,Banglore,09:35:00,12:20:00,165,0.0,No Info,4804
Air Asia,2019-06-06,Kolkata,Banglore,10:20:00,12:55:00,155,0.0,No Info,4508
Jet Airways,2019-05-01,Kolkata,Banglore,10:20:00,17:35:00,435,1.0,In-flight meal not included,5608
Indigo,2019-04-09,Kolkata,Banglore,19:35:00,00:10:00,275,1.0,No Info,4860
Indigo,2019-03-21,Mumbai,Hyderabad,02:30:00,04:00:00,90,0.0,No Info,3603
Indigo,2019-03-03,Kolkata,Banglore,20:25:00,23:05:00,160,0.0,No Info,6038
Multiple Carriers,2019-05-27,Delhi,Cochin,10:20:00,01:30:00,910,1.0,No Info,6795
Jet Airways,2019-05-15,Kolkata,Banglore,16:30:00,10:05:00,1055,1.0,No Info,14781
Jet Airways,2019-05-21,Delhi,Cochin,19:15:00,12:35:00,1040,1.0,In-flight meal not included,12898
Air India,2019-06-01,Delhi,Cochin,05:15:00,07:40:00,1585,3.0,No Info,12383
Jet Airways,2019-03-21,Mumbai,Hyderabad,07:10:00,08:35:00,85,0.0,In-flight meal not included,4160
Vistara,2019-06-09,Kolkata,Banglore,20:20:00,23:25:00,1625,1.0,No Info,8085
Indigo,2019-06-12,Delhi,Cochin,14:20:00,22:30:00,490,1.0,No Info,6938
Jet Airways,2019-05-15,Kolkata,Banglore,06:30:00,04:40:00,1330,1.0,No Info,13941
Vistara,2019-05-03,Chennai,Kolkata,17:45:00,20:05:00,140,0.0,No Info,11982
Air India,2019-04-01,Banglore,Delhi,13:20:00,16:10:00,170,0.0,No Info,5911
Jet Airways,2019-05-24,Kolkata,Banglore,20:00:00,08:15:00,735,1.0,No Info,13731
Jet Airways,2019-03-24,Kolkata,Banglore,19:45:00,12:00:00,975,1.0,In-flight meal not included,11134
Indigo,2019-06-15,Delhi,Cochin,02:00:00,07:25:00,325,1.0,No Info,5636
Air Asia,2019-05-06,Banglore,Delhi,11:10:00,13:55:00,165,0.0,No Info,3383
Air India,2019-05-21,Kolkata,Banglore,08:20:00,21:50:00,810,2.0,No Info,10697
Air India,2019-06-24,Delhi,Cochin,13:15:00,09:25:00,1210,2.0,No Info,8839
Indigo,2019-05-09,Kolkata,Banglore,06:20:00,10:20:00,240,1.0,No Info,4226
Air India,2019-06-21,Mumbai,Hyderabad,13:55:00,15:25:00,90,0.0,No Info,3100
Indigo,2019-05-24,Kolkata,Banglore,08:10:00,13:00:00,290,1.0,No Info,5069
Air India,2019-05-27,Delhi,Cochin,17:15:00,07:40:00,865,2.0,No Info,13879
Air India,2019-06-15,Delhi,Cochin,05:15:00,19:15:00,2280,3.0,No Info,10703
Jet Airways,2019-03-06,Banglore,New Delhi,14:05:00,11:25:00,1280,1.0,No Info,15025
Air India,2019-03-03,Delhi,Cochin,06:05:00,09:25:00,1640,1.0,No Info,14042
Multiple Carriers,2019-06-12,Delhi,Cochin,19:00:00,01:30:00,390,1.0,No Info,6795
Air India,2019-06-12,Delhi,Cochin,20:30:00,08:15:00,705,1.0,No Info,8991
Indigo,2019-06-06,Delhi,Cochin,06:50:00,16:10:00,560,1.0,No Info,6674
Air India,2019-06-12,Kolkata,Banglore,20:45:00,23:20:00,155,0.0,No Info,4145
Spicejet,2019-05-18,Chennai,Kolkata,08:20:00,10:35:00,135,0.0,No Info,3597
Air India,2019-06-06,Delhi,Cochin,05:15:00,06:50:00,1535,1.0,No Info,6587
Jet Airways,2019-03-01,Banglore,New Delhi,22:50:00,05:05:00,375,1.0,No Info,26890
Air India,2019-03-24,Mumbai,Hyderabad,13:55:00,15:25:00,90,0.0,No Info,2575
Vistara,2019-03-09,Banglore,New Delhi,11:30:00,14:10:00,160,0.0,No Info,9918
Multiple Carriers,2019-05-09,Delhi,Cochin,09:00:00,19:00:00,600,1.0,No Info,10197
Air India,2019-03-06,Delhi,Cochin,06:05:00,09:25:00,1640,1.0,No Info,12677
Jet Airways,2019-06-18,Mumbai,Hyderabad,08:45:00,10:15:00,90,0.0,No Info,8040
Air India,2019-05-27,Delhi,Cochin,08:00:00,19:15:00,675,1.0,No Info,9929
Air India,2019-04-01,Kolkata,Banglore,19:00:00,04:40:00,580,1.0,No Info,4227
Air Asia,2019-03-06,Kolkata,Banglore,22:50:00,01:20:00,150,0.0,No Info,4384
Air India,2019-06-06,Delhi,Cochin,12:00:00,19:15:00,435,2.0,No Info,8603
Jet Airways,2019-06-27,Delhi,Cochin,05:30:00,19:00:00,810,2.0,In-flight meal not included,10368
Spicejet,2019-06-03,Chennai,Kolkata,17:45:00,20:05:00,140,0.0,No check-in baggage included,3543
Multiple Carriers,2019-06-06,Delhi,Cochin,07:30:00,19:15:00,705,1.0,No Info,7354
Vistara,2019-05-12,Kolkata,Banglore,20:20:00,23:25:00,1625,1.0,No Info,8085
Indigo,2019-03-21,Delhi,Cochin,14:30:00,17:35:00,185,0.0,No Info,5406
Jet Airways,2019-05-24,Kolkata,Banglore,14:05:00,19:50:00,345,1.0,In-flight meal not included,10844
Multiple Carriers,2019-06-27,Delhi,Cochin,08:45:00,21:00:00,735,1.0,No Info,7005
Spicejet,2019-06-18,Kolkata,Banglore,09:00:00,11:25:00,145,0.0,No check-in baggage included,3841
Indigo,2019-05-12,Banglore,Delhi,01:30:00,04:15:00,165,0.0,No Info,3943
Jet Airways,2019-06-06,Delhi,Cochin,19:15:00,04:25:00,550,1.0,In-flight meal not included,10262
Jet Airways,2019-06-27,Delhi,Cochin,09:25:00,04:25:00,1140,2.0,No Info,13882
Indigo,2019-03-09,Banglore,New Delhi,21:20:00,00:15:00,175,0.0,No Info,4777
Indigo,2019-03-01,Banglore,New Delhi,07:10:00,10:05:00,175,0.0,No Info,11934
Air India,2019-03-09,Banglore,New Delhi,22:00:00,13:20:00,920,1.0,No Info,8425
Multiple Carriers,2019-06-12,Delhi,Cochin,07:30:00,19:00:00,690,1.0,No Info,10877
Air India,2019-05-01,Kolkata,Banglore,07:00:00,05:25:00,1345,2.0,No Info,14424
Indigo,2019-03-09,Delhi,Cochin,04:45:00,12:55:00,490,1.0,No Info,16162
Jet Airways,2019-06-06,Delhi,Cochin,19:30:00,12:35:00,1025,2.0,In-flight meal not included,11733
Jet Airways,2019-03-09,Delhi,Cochin,17:25:00,04:25:00,660,1.0,No Info,15554
Air India,2019-03-15,Banglore,New Delhi,11:50:00,11:35:00,1425,1.0,No Info,6982
Jet Airways,2019-03-21,Delhi,Cochin,05:40:00,04:25:00,1365,2.0,In-flight meal not included,9181
Jet Airways,2019-03-06,Delhi,Cochin,05:25:00,19:45:00,2300,2.0,No Info,16914
Jet Airways,2019-06-06,Delhi,Cochin,14:00:00,04:25:00,865,1.0,In-flight meal not included,10262
Jet Airways,2019-05-06,Kolkata,Banglore,20:00:00,19:50:00,1430,1.0,No Info,14388
Indigo,2019-04-21,Kolkata,Banglore,15:15:00,17:45:00,150,0.0,No Info,5224
Air India,2019-05-01,Delhi,Cochin,20:40:00,09:25:00,765,1.0,No Info,7480
Jet Airways,2019-03-21,Banglore,New Delhi,08:55:00,19:10:00,615,1.0,In-flight meal not included,7832
Jet Airways,2019-06-03,Delhi,Cochin,09:40:00,12:35:00,1615,2.0,No Info,13014
Spicejet,2019-05-18,Banglore,Delhi,21:10:00,00:05:00,175,0.0,No check-in baggage included,3919
Indigo,2019-03-03,Kolkata,Banglore,10:10:00,12:55:00,165,0.0,No Info,6565
